{
  "icons": [
    {
      "src": "/icon_180x180.baab57b2e53a012b26d4345bf67f0fc6.png",
      "sizes": "180x180",
      "type": "image/png"
    },
    {
      "src": "/icon_167x167.dbd5ac0b76d13c1a2b8537a8ac4ba7af.png",
      "sizes": "167x167",
      "type": "image/png"
    },
    {
      "src": "/icon_152x152.52850e1295d18edda1e5bcab6ce83dac.png",
      "sizes": "152x152",
      "type": "image/png"
    },
    {
      "src": "/icon_120x120.a418a4f36846982b28a07b7a8314b899.png",
      "sizes": "120x120",
      "type": "image/png"
    },
    {
      "src": "/icon_512x512.0bbe42bdb321c9a191d8c754e3e68cd6.png",
      "sizes": "512x512",
      "type": "image/png"
    },
    {
      "src": "/icon_384x384.22487e8212abc3fe320ac6229502cc9c.png",
      "sizes": "384x384",
      "type": "image/png"
    },
    {
      "src": "/icon_192x192.30394b1e0931c207a7a31cc1fc0c430b.png",
      "sizes": "192x192",
      "type": "image/png"
    },
    {
      "src": "/icon_144x144.2ea051c34e5353738a8bcc1a9ea2f274.png",
      "sizes": "144x144",
      "type": "image/png"
    },
    {
      "src": "/icon_128x128.68e86f94be3e7b0c031a1dc46634fefb.png",
      "sizes": "128x128",
      "type": "image/png"
    },
    {
      "src": "/icon_96x96.bc9a8d01fba9e0e5acc66e8d60bd8b19.png",
      "sizes": "96x96",
      "type": "image/png"
    },
    {
      "src": "/icon_72x72.ef96f0ffa1a746ba22474e282f3b29a4.png",
      "sizes": "72x72",
      "type": "image/png"
    }
  ],
  "name": "Youtube Downloader",
  "short_name": "YD",
  "orientation": "portrait",
  "display": "standalone",
  "start_url": ".",
  "description": "Youtube Downloader UI!",
  "background_color": "#fafafa",
  "theme_color": "#b1624d"
}